subject_id,roi_name,bold_value
sub-001,Right_S1,0.492532
sub-002,Right_S1,-1.21803
sub-003,Right_S1,0.1282
sub-004,Right_S1,0.681465
sub-005,Right_S1,1.013971
sub-006,Right_S1,-0.644456
sub-007,Right_S1,0.131225
sub-008,Right_S1,0.296294
sub-009,Right_S1,1.6484
sub-010,Right_S1,-1.355897
sub-011,Right_S1,-0.790218
sub-012,Right_S1,2.895705
sub-013,Right_S1,-0.157303
sub-014,Right_S1,-1.762292
sub-015,Right_S1,-0.464287
sub-016,Right_S1,-2.633168
sub-017,Right_S1,0.352615
sub-018,Right_S1,0.91694
sub-019,Right_S1,-0.790774
sub-020,Right_S1,-0.353353
sub-021,Right_S1,1.029901
sub-022,Right_S1,-1.622637
sub-023,Right_S1,-1.197412
sub-024,Right_S1,-0.11268
sub-025,Right_S1,-0.632717
sub-026,Right_S1,-0.177907
sub-027,Right_S1,-1.140053
sub-028,Right_S1,0.32622
sub-029,Right_S1,-0.034427
sub-030,Right_S1,0.658425
sub-031,Right_S1,0.312417
sub-032,Right_S1,0.318657
sub-033,Right_S1,-1.321153
sub-034,Right_S1,0.602278
sub-035,Right_S1,-0.214611
sub-036,Right_S1,-0.051653
sub-037,Right_S1,1.153517
sub-038,Right_S1,-0.60008
sub-039,Right_S1,1.454021
sub-040,Right_S1,1.546568
sub-041,Right_S1,0.860395
sub-042,Right_S1,-0.859182
sub-043,Right_S1,-2.055236
sub-044,Right_S1,1.183844
sub-045,Right_S1,0.224112
sub-046,Right_S1,-0.625637
sub-047,Right_S1,1.277816
sub-048,Right_S1,-0.74107
sub-049,Right_S1,-0.307156
sub-050,Right_S1,0.634319
sub-051,Right_S1,-0.991103
sub-052,Right_S1,0.005008
sub-053,Right_S1,1.194064
sub-054,Right_S1,0.323042
sub-055,Right_S1,1.351091
sub-056,Right_S1,1.238175
sub-057,Right_S1,0.121292
sub-058,Right_S1,-2.204484
sub-059,Right_S1,-0.983335
sub-060,Right_S1,0.87086
sub-061,Right_S1,-1.424268
sub-062,Right_S1,-0.210471
sub-063,Right_S1,0.449396
sub-064,Right_S1,1.571463
sub-065,Right_S1,-0.456817
sub-066,Right_S1,-0.524738
sub-067,Right_S1,0.061588
sub-068,Right_S1,0.461729
sub-069,Right_S1,-0.0394
sub-070,Right_S1,1.154513
sub-071,Right_S1,-0.679153
sub-072,Right_S1,0.232818
sub-073,Right_S1,0.555277
sub-074,Right_S1,-0.283424
sub-075,Right_S1,0.946627
sub-076,Right_S1,0.261386
sub-077,Right_S1,0.896168
sub-078,Right_S1,0.306171
sub-079,Right_S1,0.487018
sub-080,Right_S1,-0.513731
sub-081,Right_S1,-0.512124
sub-082,Right_S1,1.328244
sub-083,Right_S1,0.744056
sub-084,Right_S1,-0.901188
sub-085,Right_S1,0.293036
sub-086,Right_S1,-2.241223
sub-087,Right_S1,-0.455746
sub-088,Right_S1,1.066977
sub-089,Right_S1,-0.010531
sub-090,Right_S1,0.230588
sub-091,Right_S1,-2.878702
sub-092,Right_S1,-0.275509
sub-093,Right_S1,0.449189
sub-094,Right_S1,0.575194
sub-095,Right_S1,1.068294
sub-096,Right_S1,-0.094965
sub-097,Right_S1,-0.050718
sub-098,Right_S1,-1.207874
sub-099,Right_S1,-0.089274
sub-100,Right_S1,-1.137895
sub-101,Right_S1,-1.719513
sub-102,Right_S1,-0.962906
sub-103,Right_S1,1.610265
sub-104,Right_S1,-0.154787
sub-105,Right_S1,0.331739
sub-106,Right_S1,-0.395784
sub-107,Right_S1,-1.662651
sub-108,Right_S1,1.042261
sub-109,Right_S1,-2.041253
sub-110,Right_S1,-0.436751
sub-111,Right_S1,0.059437
sub-112,Right_S1,0.342267
sub-113,Right_S1,-0.607058
sub-114,Right_S1,-1.709683
sub-115,Right_S1,-0.681087
sub-116,Right_S1,-0.629169
sub-117,Right_S1,-0.65331
sub-118,Right_S1,1.075936
sub-119,Right_S1,-1.090305
sub-120,Right_S1,0.412194
sub-121,Right_S1,0.27065
sub-122,Right_S1,1.066409
sub-123,Right_S1,-0.018454
sub-124,Right_S1,0.898435
sub-125,Right_S1,-0.05723
sub-126,Right_S1,0.544543
sub-127,Right_S1,-1.377335
sub-128,Right_S1,-2.503615
sub-129,Right_S1,0.488151
sub-130,Right_S1,0.541359
sub-131,Right_S1,0.585325
sub-132,Right_S1,-0.407129
sub-133,Right_S1,1.591454
sub-134,Right_S1,-0.342593
sub-135,Right_S1,0.531137
sub-136,Right_S1,0.703508
sub-137,Right_S1,1.818644
sub-138,Right_S1,-0.200885
sub-139,Right_S1,-0.534366
sub-140,Right_S1,-1.372578
sub-141,Right_S1,1.653599
sub-142,Right_S1,0.531665
sub-143,Right_S1,0.563063
sub-144,Right_S1,3.205456
sub-145,Right_S1,0.436067
sub-146,Right_S1,-1.178316
sub-147,Right_S1,-0.080725
sub-148,Right_S1,-0.85339
sub-149,Right_S1,-0.279094
sub-150,Right_S1,-0.285762
sub-151,Right_S1,-0.468725
sub-152,Right_S1,-1.268552
sub-153,Right_S1,1.693413
sub-154,Right_S1,0.41008
sub-155,Right_S1,-0.110057
sub-156,Right_S1,0.865209
sub-157,Right_S1,0.580925
sub-158,Right_S1,0.387107
sub-159,Right_S1,0.793149
sub-160,Right_S1,0.246482
sub-161,Right_S1,0.77849
sub-162,Right_S1,0.86072
sub-163,Right_S1,0.275036
sub-164,Right_S1,-0.10502
sub-165,Right_S1,1.631805
sub-166,Right_S1,-0.360473
sub-167,Right_S1,0.501808
sub-168,Right_S1,0.524222
sub-169,Right_S1,-0.491079
sub-170,Right_S1,-0.687762
sub-171,Right_S1,-0.237413
sub-172,Right_S1,-0.374674
sub-173,Right_S1,-1.332882
sub-174,Right_S1,-0.532682
sub-001,Right_Mid_Insula,0.360214
sub-002,Right_Mid_Insula,1.390352
sub-003,Right_Mid_Insula,0.65715
sub-004,Right_Mid_Insula,-2.592738
sub-005,Right_Mid_Insula,0.746707
sub-006,Right_Mid_Insula,-0.489244
sub-007,Right_Mid_Insula,0.552756
sub-008,Right_Mid_Insula,0.071325
sub-009,Right_Mid_Insula,-0.11266
sub-010,Right_Mid_Insula,-0.019456
sub-011,Right_Mid_Insula,0.062784
sub-012,Right_Mid_Insula,1.471201
sub-013,Right_Mid_Insula,0.065632
sub-014,Right_Mid_Insula,1.204455
sub-015,Right_Mid_Insula,1.054394
sub-016,Right_Mid_Insula,0.773232
sub-017,Right_Mid_Insula,-1.755088
sub-018,Right_Mid_Insula,1.236498
sub-019,Right_Mid_Insula,-0.385943
sub-020,Right_Mid_Insula,0.823395
sub-021,Right_Mid_Insula,-0.916233
sub-022,Right_Mid_Insula,-1.135241
sub-023,Right_Mid_Insula,2.122413
sub-024,Right_Mid_Insula,-0.90021
sub-025,Right_Mid_Insula,1.266869
sub-026,Right_Mid_Insula,0.207914
sub-027,Right_Mid_Insula,-0.347012
sub-028,Right_Mid_Insula,0.039698
sub-029,Right_Mid_Insula,-1.254791
sub-030,Right_Mid_Insula,0.071718
sub-031,Right_Mid_Insula,-1.029793
sub-032,Right_Mid_Insula,-0.321585
sub-033,Right_Mid_Insula,1.039343
sub-034,Right_Mid_Insula,0.347815
sub-035,Right_Mid_Insula,-1.441377
sub-036,Right_Mid_Insula,0.963286
sub-037,Right_Mid_Insula,0.078575
sub-038,Right_Mid_Insula,-0.472791
sub-039,Right_Mid_Insula,0.855285
sub-040,Right_Mid_Insula,-0.086404
sub-041,Right_Mid_Insula,-1.115237
sub-042,Right_Mid_Insula,1.989922
sub-043,Right_Mid_Insula,0.068077
sub-044,Right_Mid_Insula,0.002029
sub-045,Right_Mid_Insula,-0.33154
sub-046,Right_Mid_Insula,1.301758
sub-047,Right_Mid_Insula,-0.454958
sub-048,Right_Mid_Insula,-1.506097
sub-049,Right_Mid_Insula,-0.613437
sub-050,Right_Mid_Insula,1.453034
sub-051,Right_Mid_Insula,0.943341
sub-052,Right_Mid_Insula,-0.176884
sub-053,Right_Mid_Insula,1.500929
sub-054,Right_Mid_Insula,0.85659
sub-055,Right_Mid_Insula,-0.18881
sub-056,Right_Mid_Insula,-0.085067
sub-057,Right_Mid_Insula,0.425228
sub-058,Right_Mid_Insula,-0.771307
sub-059,Right_Mid_Insula,0.090533
sub-060,Right_Mid_Insula,0.403791
sub-061,Right_Mid_Insula,-1.652403
sub-062,Right_Mid_Insula,-0.10919
sub-063,Right_Mid_Insula,-0.226386
sub-064,Right_Mid_Insula,1.145239
sub-065,Right_Mid_Insula,-1.814727
sub-066,Right_Mid_Insula,-0.307223
sub-067,Right_Mid_Insula,-0.410522
sub-068,Right_Mid_Insula,1.075173
sub-069,Right_Mid_Insula,0.041019
sub-070,Right_Mid_Insula,1.936633
sub-071,Right_Mid_Insula,0.768253
sub-072,Right_Mid_Insula,-0.336814
sub-073,Right_Mid_Insula,0.332841
sub-074,Right_Mid_Insula,-0.278951
sub-075,Right_Mid_Insula,0.971435
sub-076,Right_Mid_Insula,-1.286841
sub-077,Right_Mid_Insula,-0.762867
sub-078,Right_Mid_Insula,0.555445
sub-079,Right_Mid_Insula,1.348942
sub-080,Right_Mid_Insula,-2.183075
sub-081,Right_Mid_Insula,1.502182
sub-082,Right_Mid_Insula,-0.058508
sub-083,Right_Mid_Insula,-1.855303
sub-084,Right_Mid_Insula,-3.007168
sub-085,Right_Mid_Insula,-1.490029
sub-086,Right_Mid_Insula,0.065586
sub-087,Right_Mid_Insula,0.017988
sub-088,Right_Mid_Insula,0.738357
sub-089,Right_Mid_Insula,-0.480315
sub-090,Right_Mid_Insula,-1.055863
sub-091,Right_Mid_Insula,-0.339764
sub-092,Right_Mid_Insula,0.120524
sub-093,Right_Mid_Insula,0.323685
sub-094,Right_Mid_Insula,-0.727285
sub-095,Right_Mid_Insula,1.014765
sub-096,Right_Mid_Insula,-0.554413
sub-097,Right_Mid_Insula,-0.810289
sub-098,Right_Mid_Insula,-0.473004
sub-099,Right_Mid_Insula,1.193434
sub-100,Right_Mid_Insula,-0.050946
sub-101,Right_Mid_Insula,-0.629754
sub-102,Right_Mid_Insula,1.040176
sub-103,Right_Mid_Insula,2.293835
sub-104,Right_Mid_Insula,0.301953
sub-105,Right_Mid_Insula,1.357274
sub-106,Right_Mid_Insula,1.153492
sub-107,Right_Mid_Insula,-0.538176
sub-108,Right_Mid_Insula,0.113335
sub-109,Right_Mid_Insula,-1.235677
sub-110,Right_Mid_Insula,-0.125287
sub-111,Right_Mid_Insula,-0.559352
sub-112,Right_Mid_Insula,-0.329254
sub-113,Right_Mid_Insula,-0.686821
sub-114,Right_Mid_Insula,-0.209941
sub-115,Right_Mid_Insula,0.634317
sub-116,Right_Mid_Insula,-0.037237
sub-117,Right_Mid_Insula,-1.835208
sub-118,Right_Mid_Insula,-0.682932
sub-119,Right_Mid_Insula,-1.479738
sub-120,Right_Mid_Insula,0.337377
sub-121,Right_Mid_Insula,0.604522
sub-122,Right_Mid_Insula,0.350245
sub-123,Right_Mid_Insula,-0.725471
sub-124,Right_Mid_Insula,0.340255
sub-125,Right_Mid_Insula,-0.398527
sub-126,Right_Mid_Insula,-1.086967
sub-127,Right_Mid_Insula,0.850395
sub-128,Right_Mid_Insula,0.928808
sub-129,Right_Mid_Insula,1.063657
sub-130,Right_Mid_Insula,-0.540968
sub-131,Right_Mid_Insula,1.301136
sub-132,Right_Mid_Insula,-0.422709
sub-133,Right_Mid_Insula,0.759275
sub-134,Right_Mid_Insula,-0.440567
sub-135,Right_Mid_Insula,-0.144906
sub-136,Right_Mid_Insula,-2.408954
sub-137,Right_Mid_Insula,-0.225209
sub-138,Right_Mid_Insula,0.179752
sub-139,Right_Mid_Insula,-0.336635
sub-140,Right_Mid_Insula,1.895513
sub-141,Right_Mid_Insula,-1.111945
sub-142,Right_Mid_Insula,-0.494838
sub-143,Right_Mid_Insula,-0.846514
sub-144,Right_Mid_Insula,-0.49504
sub-145,Right_Mid_Insula,1.148686
sub-146,Right_Mid_Insula,1.608893
sub-147,Right_Mid_Insula,-0.636224
sub-148,Right_Mid_Insula,-0.659115
sub-149,Right_Mid_Insula,-1.106445
sub-150,Right_Mid_Insula,1.431921
sub-151,Right_Mid_Insula,1.241003
sub-152,Right_Mid_Insula,-0.023316
sub-153,Right_Mid_Insula,-1.352686
sub-154,Right_Mid_Insula,-1.260529
sub-155,Right_Mid_Insula,0.261712
sub-156,Right_Mid_Insula,0.651943
sub-157,Right_Mid_Insula,-2.043119
sub-158,Right_Mid_Insula,-0.245196
sub-159,Right_Mid_Insula,1.753425
sub-160,Right_Mid_Insula,-0.138237
sub-161,Right_Mid_Insula,1.620853
sub-162,Right_Mid_Insula,0.754685
sub-163,Right_Mid_Insula,-1.031379
sub-164,Right_Mid_Insula,-0.215686
sub-165,Right_Mid_Insula,-0.046719
sub-166,Right_Mid_Insula,-0.895602
sub-167,Right_Mid_Insula,-0.913487
sub-168,Right_Mid_Insula,1.638504
sub-169,Right_Mid_Insula,-0.921207
sub-170,Right_Mid_Insula,1.197139
sub-171,Right_Mid_Insula,-0.363874
sub-172,Right_Mid_Insula,0.059471
sub-173,Right_Mid_Insula,0.66483
sub-174,Right_Mid_Insula,-0.53088
sub-001,Left_Thalamus,0.673067
sub-002,Left_Thalamus,-1.947953
sub-003,Left_Thalamus,0.544543
sub-004,Left_Thalamus,-2.371132
sub-005,Left_Thalamus,-0.123716
sub-006,Left_Thalamus,0.960138
sub-007,Left_Thalamus,0.727598
sub-008,Left_Thalamus,-1.19802
sub-009,Left_Thalamus,-1.068945
sub-010,Left_Thalamus,-0.586723
sub-011,Left_Thalamus,0.290403
sub-012,Left_Thalamus,-1.933419
sub-013,Left_Thalamus,0.090453
sub-014,Left_Thalamus,0.415937
sub-015,Left_Thalamus,-0.18005
sub-016,Left_Thalamus,0.630375
sub-017,Left_Thalamus,0.328007
sub-018,Left_Thalamus,-0.439329
sub-019,Left_Thalamus,-1.83743
sub-020,Left_Thalamus,0.237465
sub-021,Left_Thalamus,-0.851802
sub-022,Left_Thalamus,-0.476111
sub-023,Left_Thalamus,0.58406
sub-024,Left_Thalamus,1.524669
sub-025,Left_Thalamus,0.065553
sub-026,Left_Thalamus,0.659193
sub-027,Left_Thalamus,-1.344463
sub-028,Left_Thalamus,0.349862
sub-029,Left_Thalamus,0.043652
sub-030,Left_Thalamus,1.336082
sub-031,Left_Thalamus,-0.43813
sub-032,Left_Thalamus,-0.138545
sub-033,Left_Thalamus,1.165233
sub-034,Left_Thalamus,0.011442
sub-035,Left_Thalamus,-1.007966
sub-036,Left_Thalamus,2.66187
sub-037,Left_Thalamus,-0.97764
sub-038,Left_Thalamus,0.038845
sub-039,Left_Thalamus,0.451286
sub-040,Left_Thalamus,0.372013
sub-041,Left_Thalamus,-0.086518
sub-042,Left_Thalamus,-0.081522
sub-043,Left_Thalamus,-0.131822
sub-044,Left_Thalamus,-1.015077
sub-045,Left_Thalamus,2.259429
sub-046,Left_Thalamus,-0.116843
sub-047,Left_Thalamus,0.702168
sub-048,Left_Thalamus,-0.231798
sub-049,Left_Thalamus,-0.25196
sub-050,Left_Thalamus,-0.352898
sub-051,Left_Thalamus,-1.450099
sub-052,Left_Thalamus,-0.057321
sub-053,Left_Thalamus,-0.304338
sub-054,Left_Thalamus,1.278231
sub-055,Left_Thalamus,-1.09605
sub-056,Left_Thalamus,-0.474912
sub-057,Left_Thalamus,-0.797027
sub-058,Left_Thalamus,1.54993
sub-059,Left_Thalamus,-0.767921
sub-060,Left_Thalamus,0.667449
sub-061,Left_Thalamus,1.076353
sub-062,Left_Thalamus,-0.042786
sub-063,Left_Thalamus,-1.276621
sub-064,Left_Thalamus,-1.263932
sub-065,Left_Thalamus,0.965674
sub-066,Left_Thalamus,-1.160107
sub-067,Left_Thalamus,0.49674
sub-068,Left_Thalamus,0.218352
sub-069,Left_Thalamus,0.481808
sub-070,Left_Thalamus,0.576502
sub-071,Left_Thalamus,-0.832348
sub-072,Left_Thalamus,-0.874312
sub-073,Left_Thalamus,0.820466
sub-074,Left_Thalamus,-0.527243
sub-075,Left_Thalamus,-2.653471
sub-076,Left_Thalamus,0.754125
sub-077,Left_Thalamus,-0.935201
sub-078,Left_Thalamus,0.572041
sub-079,Left_Thalamus,1.500095
sub-080,Left_Thalamus,0.120516
sub-081,Left_Thalamus,1.102023
sub-082,Left_Thalamus,0.257902
sub-083,Left_Thalamus,1.6952
sub-084,Left_Thalamus,-0.961113
sub-085,Left_Thalamus,0.095475
sub-086,Left_Thalamus,0.778594
sub-087,Left_Thalamus,-0.087188
sub-088,Left_Thalamus,1.258876
sub-089,Left_Thalamus,-0.329434
sub-090,Left_Thalamus,2.178374
sub-091,Left_Thalamus,2.231336
sub-092,Left_Thalamus,0.386504
sub-093,Left_Thalamus,0.657725
sub-094,Left_Thalamus,1.29843
sub-095,Left_Thalamus,-1.086523
sub-096,Left_Thalamus,-1.211645
sub-097,Left_Thalamus,1.363343
sub-098,Left_Thalamus,0.3784
sub-099,Left_Thalamus,-0.123374
sub-100,Left_Thalamus,0.114862
sub-101,Left_Thalamus,-2.288433
sub-102,Left_Thalamus,-0.087339
sub-103,Left_Thalamus,-0.651262
sub-104,Left_Thalamus,1.02413
sub-105,Left_Thalamus,1.101286
sub-106,Left_Thalamus,0.681866
sub-107,Left_Thalamus,0.500181
sub-108,Left_Thalamus,-1.397465
sub-109,Left_Thalamus,0.695864
sub-110,Left_Thalamus,0.734718
sub-111,Left_Thalamus,1.352088
sub-112,Left_Thalamus,2.227338
sub-113,Left_Thalamus,-1.593178
sub-114,Left_Thalamus,-0.28576
sub-115,Left_Thalamus,-0.640454
sub-116,Left_Thalamus,0.276659
sub-117,Left_Thalamus,0.117147
sub-118,Left_Thalamus,-0.13097
sub-119,Left_Thalamus,1.133943
sub-120,Left_Thalamus,-1.00052
sub-121,Left_Thalamus,-0.940073
sub-122,Left_Thalamus,-0.923134
sub-123,Left_Thalamus,-0.257538
sub-124,Left_Thalamus,-1.128021
sub-125,Left_Thalamus,0.055015
sub-126,Left_Thalamus,-0.062203
sub-127,Left_Thalamus,-0.684816
sub-128,Left_Thalamus,0.979712
sub-129,Left_Thalamus,0.044058
sub-130,Left_Thalamus,1.169076
sub-131,Left_Thalamus,-0.091838
sub-132,Left_Thalamus,0.079454
sub-133,Left_Thalamus,-0.460511
sub-134,Left_Thalamus,0.096646
sub-135,Left_Thalamus,0.817764
sub-136,Left_Thalamus,-0.308675
sub-137,Left_Thalamus,0.623448
sub-138,Left_Thalamus,-0.711115
sub-139,Left_Thalamus,0.864703
sub-140,Left_Thalamus,-0.477678
sub-141,Left_Thalamus,0.957569
sub-142,Left_Thalamus,0.164843
sub-143,Left_Thalamus,1.628554
sub-144,Left_Thalamus,-1.053308
sub-145,Left_Thalamus,-1.376241
sub-146,Left_Thalamus,-0.514082
sub-147,Left_Thalamus,-1.284441
sub-148,Left_Thalamus,-1.28256
sub-149,Left_Thalamus,0.726851
sub-150,Left_Thalamus,0.099521
sub-151,Left_Thalamus,-0.377197
sub-152,Left_Thalamus,-0.284241
sub-153,Left_Thalamus,-0.495054
sub-154,Left_Thalamus,1.758301
sub-155,Left_Thalamus,-0.633676
sub-156,Left_Thalamus,-1.221804
sub-157,Left_Thalamus,0.901797
sub-158,Left_Thalamus,-0.112597
sub-159,Left_Thalamus,2.147698
sub-160,Left_Thalamus,-0.423841
sub-161,Left_Thalamus,0.951858
sub-162,Left_Thalamus,1.188676
sub-163,Left_Thalamus,-0.418958
sub-164,Left_Thalamus,-0.64111
sub-165,Left_Thalamus,0.846973
sub-166,Left_Thalamus,0.680073
sub-167,Left_Thalamus,-1.310507
sub-168,Left_Thalamus,-1.027611
sub-169,Left_Thalamus,-2.439206
sub-170,Left_Thalamus,0.70062
sub-171,Left_Thalamus,-0.158786
sub-172,Left_Thalamus,-0.058854
sub-173,Left_Thalamus,-1.592059
sub-174,Left_Thalamus,-0.9972
sub-001,Left_Ant_Insula,-0.538514
sub-002,Left_Ant_Insula,-0.728712
sub-003,Left_Ant_Insula,0.044502
sub-004,Left_Ant_Insula,0.500147
sub-005,Left_Ant_Insula,2.150127
sub-006,Left_Ant_Insula,-0.090394
sub-007,Left_Ant_Insula,1.020673
sub-008,Left_Ant_Insula,-0.882978
sub-009,Left_Ant_Insula,-1.709829
sub-010,Left_Ant_Insula,-0.415552
sub-011,Left_Ant_Insula,-1.63426
sub-012,Left_Ant_Insula,-0.056448
sub-013,Left_Ant_Insula,-0.834522
sub-014,Left_Ant_Insula,-1.983163
sub-015,Left_Ant_Insula,1.627984
sub-016,Left_Ant_Insula,-0.596839
sub-017,Left_Ant_Insula,-1.673302
sub-018,Left_Ant_Insula,0.808101
sub-019,Left_Ant_Insula,-0.783794
sub-020,Left_Ant_Insula,0.995978
sub-021,Left_Ant_Insula,-0.788471
sub-022,Left_Ant_Insula,-0.600103
sub-023,Left_Ant_Insula,0.266629
sub-024,Left_Ant_Insula,0.509689
sub-025,Left_Ant_Insula,0.681195
sub-026,Left_Ant_Insula,-0.158623
sub-027,Left_Ant_Insula,0.446472
sub-028,Left_Ant_Insula,0.65883
sub-029,Left_Ant_Insula,0.125461
sub-030,Left_Ant_Insula,-0.210405
sub-031,Left_Ant_Insula,-1.485103
sub-032,Left_Ant_Insula,0.515517
sub-033,Left_Ant_Insula,-0.029537
sub-034,Left_Ant_Insula,-0.475551
sub-035,Left_Ant_Insula,1.179554
sub-036,Left_Ant_Insula,-1.468016
sub-037,Left_Ant_Insula,1.537969
sub-038,Left_Ant_Insula,-0.092602
sub-039,Left_Ant_Insula,0.239901
sub-040,Left_Ant_Insula,-0.457378
sub-041,Left_Ant_Insula,-1.702124
sub-042,Left_Ant_Insula,-0.207422
sub-043,Left_Ant_Insula,0.256759
sub-044,Left_Ant_Insula,0.590915
sub-045,Left_Ant_Insula,-0.264592
sub-046,Left_Ant_Insula,-2.216321
sub-047,Left_Ant_Insula,-1.579402
sub-048,Left_Ant_Insula,1.937201
sub-049,Left_Ant_Insula,-1.13991
sub-050,Left_Ant_Insula,1.325636
sub-051,Left_Ant_Insula,-0.984859
sub-052,Left_Ant_Insula,-0.249349
sub-053,Left_Ant_Insula,0.540992
sub-054,Left_Ant_Insula,-0.87341
sub-055,Left_Ant_Insula,1.487259
sub-056,Left_Ant_Insula,0.003298
sub-057,Left_Ant_Insula,0.38016
sub-058,Left_Ant_Insula,-0.332674
sub-059,Left_Ant_Insula,0.573786
sub-060,Left_Ant_Insula,1.474124
sub-061,Left_Ant_Insula,-0.199277
sub-062,Left_Ant_Insula,1.621807
sub-063,Left_Ant_Insula,-0.669285
sub-064,Left_Ant_Insula,0.676901
sub-065,Left_Ant_Insula,0.407817
sub-066,Left_Ant_Insula,-1.11647
sub-067,Left_Ant_Insula,0.138417
sub-068,Left_Ant_Insula,-0.063599
sub-069,Left_Ant_Insula,-0.9057
sub-070,Left_Ant_Insula,0.279517
sub-071,Left_Ant_Insula,0.072345
sub-072,Left_Ant_Insula,-0.141837
sub-073,Left_Ant_Insula,-0.137913
sub-074,Left_Ant_Insula,-0.158886
sub-075,Left_Ant_Insula,-0.43062
sub-076,Left_Ant_Insula,0.066028
sub-077,Left_Ant_Insula,-0.70091
sub-078,Left_Ant_Insula,2.52902
sub-079,Left_Ant_Insula,-1.449913
sub-080,Left_Ant_Insula,-0.643001
sub-081,Left_Ant_Insula,-0.565702
sub-082,Left_Ant_Insula,1.925922
sub-083,Left_Ant_Insula,-1.362627
sub-084,Left_Ant_Insula,0.345981
sub-085,Left_Ant_Insula,0.17226
sub-086,Left_Ant_Insula,0.255641
sub-087,Left_Ant_Insula,1.13902
sub-088,Left_Ant_Insula,1.118946
sub-089,Left_Ant_Insula,-0.512091
sub-090,Left_Ant_Insula,0.11905
sub-091,Left_Ant_Insula,-1.894928
sub-092,Left_Ant_Insula,0.026161
sub-093,Left_Ant_Insula,-0.847767
sub-094,Left_Ant_Insula,-0.253192
sub-095,Left_Ant_Insula,-1.720031
sub-096,Left_Ant_Insula,0.325382
sub-097,Left_Ant_Insula,-1.730987
sub-098,Left_Ant_Insula,0.074298
sub-099,Left_Ant_Insula,-1.271006
sub-100,Left_Ant_Insula,-0.902225
sub-101,Left_Ant_Insula,1.059159
sub-102,Left_Ant_Insula,0.504502
sub-103,Left_Ant_Insula,1.053749
sub-104,Left_Ant_Insula,1.455468
sub-105,Left_Ant_Insula,-0.82707
sub-106,Left_Ant_Insula,1.396015
sub-107,Left_Ant_Insula,-1.50488
sub-108,Left_Ant_Insula,0.659291
sub-109,Left_Ant_Insula,-0.553563
sub-110,Left_Ant_Insula,-0.981154
sub-111,Left_Ant_Insula,0.530484
sub-112,Left_Ant_Insula,0.853878
sub-113,Left_Ant_Insula,0.824831
sub-114,Left_Ant_Insula,0.139445
sub-115,Left_Ant_Insula,0.05832
sub-116,Left_Ant_Insula,0.44476
sub-117,Left_Ant_Insula,0.226442
sub-118,Left_Ant_Insula,0.458938
sub-119,Left_Ant_Insula,0.128817
sub-120,Left_Ant_Insula,0.753901
sub-121,Left_Ant_Insula,-1.663114
sub-122,Left_Ant_Insula,-0.199265
sub-123,Left_Ant_Insula,-1.424972
sub-124,Left_Ant_Insula,0.199961
sub-125,Left_Ant_Insula,1.535908
sub-126,Left_Ant_Insula,-0.534723
sub-127,Left_Ant_Insula,0.053716
sub-128,Left_Ant_Insula,0.669455
sub-129,Left_Ant_Insula,-2.094181
sub-130,Left_Ant_Insula,-0.581719
sub-131,Left_Ant_Insula,0.285891
sub-132,Left_Ant_Insula,-2.905667
sub-133,Left_Ant_Insula,-1.026665
sub-134,Left_Ant_Insula,1.00644
sub-135,Left_Ant_Insula,0.910678
sub-136,Left_Ant_Insula,0.295483
sub-137,Left_Ant_Insula,0.79247
sub-138,Left_Ant_Insula,0.139684
sub-139,Left_Ant_Insula,0.472676
sub-140,Left_Ant_Insula,-0.37969
sub-141,Left_Ant_Insula,0.042522
sub-142,Left_Ant_Insula,-0.689614
sub-143,Left_Ant_Insula,1.165578
sub-144,Left_Ant_Insula,1.418119
sub-145,Left_Ant_Insula,1.27951
sub-146,Left_Ant_Insula,-0.470162
sub-147,Left_Ant_Insula,-1.004124
sub-148,Left_Ant_Insula,1.178779
sub-149,Left_Ant_Insula,0.461435
sub-150,Left_Ant_Insula,0.25073
sub-151,Left_Ant_Insula,-0.690849
sub-152,Left_Ant_Insula,0.345728
sub-153,Left_Ant_Insula,-1.132808
sub-154,Left_Ant_Insula,0.549656
sub-155,Left_Ant_Insula,1.278506
sub-156,Left_Ant_Insula,1.525256
sub-157,Left_Ant_Insula,0.622521
sub-158,Left_Ant_Insula,-1.423187
sub-159,Left_Ant_Insula,0.122291
sub-160,Left_Ant_Insula,2.022983
sub-161,Left_Ant_Insula,-0.920788
sub-162,Left_Ant_Insula,-0.128719
sub-163,Left_Ant_Insula,1.312401
sub-164,Left_Ant_Insula,0.533091
sub-165,Left_Ant_Insula,2.356156
sub-166,Left_Ant_Insula,-0.787957
sub-167,Left_Ant_Insula,-1.039334
sub-168,Left_Ant_Insula,1.127064
sub-169,Left_Ant_Insula,-1.241036
sub-170,Left_Ant_Insula,-0.263354
sub-171,Left_Ant_Insula,-0.135045
sub-172,Left_Ant_Insula,0.942963
sub-173,Left_Ant_Insula,0.530287
sub-174,Left_Ant_Insula,0.376455
sub-001,Left_NAcc,-0.64901
sub-002,Left_NAcc,1.109334
sub-003,Left_NAcc,4.071476
sub-004,Left_NAcc,0.734844
sub-005,Left_NAcc,0.02073
sub-006,Left_NAcc,-1.04401
sub-007,Left_NAcc,-0.848528
sub-008,Left_NAcc,-0.461304
sub-009,Left_NAcc,-0.413354
sub-010,Left_NAcc,-0.447427
sub-011,Left_NAcc,1.963481
sub-012,Left_NAcc,1.330445
sub-013,Left_NAcc,-0.201079
sub-014,Left_NAcc,-0.79775
sub-015,Left_NAcc,1.218107
sub-016,Left_NAcc,0.540559
sub-017,Left_NAcc,-1.851636
sub-018,Left_NAcc,0.382818
sub-019,Left_NAcc,1.091109
sub-020,Left_NAcc,-2.819999
sub-021,Left_NAcc,-1.064377
sub-022,Left_NAcc,0.003955
sub-023,Left_NAcc,0.926718
sub-024,Left_NAcc,-0.70677
sub-025,Left_NAcc,-0.577857
sub-026,Left_NAcc,1.090205
sub-027,Left_NAcc,-0.072335
sub-028,Left_NAcc,0.719369
sub-029,Left_NAcc,-0.761157
sub-030,Left_NAcc,-1.933557
sub-031,Left_NAcc,0.699969
sub-032,Left_NAcc,0.021651
sub-033,Left_NAcc,0.997897
sub-034,Left_NAcc,-0.709851
sub-035,Left_NAcc,-0.867316
sub-036,Left_NAcc,1.954299
sub-037,Left_NAcc,-1.624373
sub-038,Left_NAcc,1.423383
sub-039,Left_NAcc,1.311441
sub-040,Left_NAcc,0.920745
sub-041,Left_NAcc,-0.706917
sub-042,Left_NAcc,-0.714882
sub-043,Left_NAcc,0.118897
sub-044,Left_NAcc,-0.871064
sub-045,Left_NAcc,-0.905105
sub-046,Left_NAcc,0.84312
sub-047,Left_NAcc,0.353156
sub-048,Left_NAcc,-1.109388
sub-049,Left_NAcc,0.975431
sub-050,Left_NAcc,0.723893
sub-051,Left_NAcc,1.634342
sub-052,Left_NAcc,0.84898
sub-053,Left_NAcc,1.244915
sub-054,Left_NAcc,0.842594
sub-055,Left_NAcc,1.105961
sub-056,Left_NAcc,-1.432266
sub-057,Left_NAcc,-0.025168
sub-058,Left_NAcc,-0.867771
sub-059,Left_NAcc,-0.138526
sub-060,Left_NAcc,-0.570257
sub-061,Left_NAcc,0.174831
sub-062,Left_NAcc,0.541697
sub-063,Left_NAcc,-0.042227
sub-064,Left_NAcc,-1.088857
sub-065,Left_NAcc,0.943068
sub-066,Left_NAcc,0.75871
sub-067,Left_NAcc,-1.189845
sub-068,Left_NAcc,0.442239
sub-069,Left_NAcc,-1.805547
sub-070,Left_NAcc,0.158555
sub-071,Left_NAcc,0.259395
sub-072,Left_NAcc,-0.553649
sub-073,Left_NAcc,1.366852
sub-074,Left_NAcc,-1.226307
sub-075,Left_NAcc,0.729449
sub-076,Left_NAcc,1.88926
sub-077,Left_NAcc,1.052085
sub-078,Left_NAcc,-0.237928
sub-079,Left_NAcc,-0.909401
sub-080,Left_NAcc,-1.399158
sub-081,Left_NAcc,-0.502064
sub-082,Left_NAcc,-0.737975
sub-083,Left_NAcc,-0.678168
sub-084,Left_NAcc,-0.157787
sub-085,Left_NAcc,-0.384582
sub-086,Left_NAcc,0.213726
sub-087,Left_NAcc,-0.965885
sub-088,Left_NAcc,-0.820066
sub-089,Left_NAcc,-0.562811
sub-090,Left_NAcc,-0.071072
sub-091,Left_NAcc,2.045096
sub-092,Left_NAcc,-0.188084
sub-093,Left_NAcc,-1.605031
sub-094,Left_NAcc,0.649307
sub-095,Left_NAcc,0.679047
sub-096,Left_NAcc,0.055502
sub-097,Left_NAcc,-1.653774
sub-098,Left_NAcc,1.926074
sub-099,Left_NAcc,-1.19153
sub-100,Left_NAcc,0.554939
sub-101,Left_NAcc,0.461097
sub-102,Left_NAcc,1.050423
sub-103,Left_NAcc,2.288884
sub-104,Left_NAcc,0.96298
sub-105,Left_NAcc,-0.605677
sub-106,Left_NAcc,1.254919
sub-107,Left_NAcc,-0.431734
sub-108,Left_NAcc,0.210161
sub-109,Left_NAcc,-1.300174
sub-110,Left_NAcc,-0.833309
sub-111,Left_NAcc,0.042344
sub-112,Left_NAcc,0.180844
sub-113,Left_NAcc,-1.880332
sub-114,Left_NAcc,0.702573
sub-115,Left_NAcc,-0.844496
sub-116,Left_NAcc,1.431786
sub-117,Left_NAcc,-0.169289
sub-118,Left_NAcc,-1.267881
sub-119,Left_NAcc,0.299544
sub-120,Left_NAcc,-0.838207
sub-121,Left_NAcc,0.972886
sub-122,Left_NAcc,0.416383
sub-123,Left_NAcc,-0.294081
sub-124,Left_NAcc,0.150038
sub-125,Left_NAcc,-1.335132
sub-126,Left_NAcc,-1.623524
sub-127,Left_NAcc,0.444819
sub-128,Left_NAcc,-1.214292
sub-129,Left_NAcc,-1.232549
sub-130,Left_NAcc,1.051151
sub-131,Left_NAcc,0.647839
sub-132,Left_NAcc,-1.206728
sub-133,Left_NAcc,-0.520792
sub-134,Left_NAcc,-0.757763
sub-135,Left_NAcc,1.251698
sub-136,Left_NAcc,0.84332
sub-137,Left_NAcc,-1.051107
sub-138,Left_NAcc,0.614582
sub-139,Left_NAcc,-1.404211
sub-140,Left_NAcc,-0.395659
sub-141,Left_NAcc,0.452361
sub-142,Left_NAcc,0.53321
sub-143,Left_NAcc,-0.237655
sub-144,Left_NAcc,0.401359
sub-145,Left_NAcc,-0.062884
sub-146,Left_NAcc,-0.164489
sub-147,Left_NAcc,-0.021461
sub-148,Left_NAcc,-0.595516
sub-149,Left_NAcc,0.475776
sub-150,Left_NAcc,0.625116
sub-151,Left_NAcc,-0.059563
sub-152,Left_NAcc,-0.941572
sub-153,Left_NAcc,-0.833213
sub-154,Left_NAcc,0.449126
sub-155,Left_NAcc,1.317783
sub-156,Left_NAcc,-0.080113
sub-157,Left_NAcc,-0.574638
sub-158,Left_NAcc,0.393096
sub-159,Left_NAcc,-1.446694
sub-160,Left_NAcc,1.489835
sub-161,Left_NAcc,-0.15336
sub-162,Left_NAcc,-0.747578
sub-163,Left_NAcc,-0.136266
sub-164,Left_NAcc,0.153462
sub-165,Left_NAcc,0.976755
sub-166,Left_NAcc,0.214205
sub-167,Left_NAcc,0.2098
sub-168,Left_NAcc,0.718654
sub-169,Left_NAcc,-0.729994
sub-170,Left_NAcc,0.333457
sub-171,Left_NAcc,0.247196
sub-172,Left_NAcc,-1.1951
sub-173,Left_NAcc,0.13854
sub-174,Left_NAcc,0.280152
sub-001,Right_NAcc,0.057732
sub-002,Right_NAcc,-0.041885
sub-003,Right_NAcc,0.194168
sub-004,Right_NAcc,1.332691
sub-005,Right_NAcc,-1.325038
sub-006,Right_NAcc,-0.440813
sub-007,Right_NAcc,0.624423
sub-008,Right_NAcc,0.428336
sub-009,Right_NAcc,0.405611
sub-010,Right_NAcc,2.828197
sub-011,Right_NAcc,0.569002
sub-012,Right_NAcc,1.114732
sub-013,Right_NAcc,-0.403769
sub-014,Right_NAcc,-1.127999
sub-015,Right_NAcc,-0.41142
sub-016,Right_NAcc,0.672303
sub-017,Right_NAcc,0.350091
sub-018,Right_NAcc,0.346314
sub-019,Right_NAcc,-0.305851
sub-020,Right_NAcc,-0.474235
sub-021,Right_NAcc,-0.269434
sub-022,Right_NAcc,0.685518
sub-023,Right_NAcc,0.808277
sub-024,Right_NAcc,-1.142074
sub-025,Right_NAcc,0.725505
sub-026,Right_NAcc,-0.766654
sub-027,Right_NAcc,0.41566
sub-028,Right_NAcc,-0.28222
sub-029,Right_NAcc,1.573923
sub-030,Right_NAcc,-0.520985
sub-031,Right_NAcc,0.1091
sub-032,Right_NAcc,0.561038
sub-033,Right_NAcc,-1.002387
sub-034,Right_NAcc,-0.156444
sub-035,Right_NAcc,-0.361016
sub-036,Right_NAcc,-0.622083
sub-037,Right_NAcc,-0.543845
sub-038,Right_NAcc,1.09475
sub-039,Right_NAcc,-0.711563
sub-040,Right_NAcc,0.518603
sub-041,Right_NAcc,0.252695
sub-042,Right_NAcc,-1.554684
sub-043,Right_NAcc,0.468721
sub-044,Right_NAcc,-1.572142
sub-045,Right_NAcc,0.58374
sub-046,Right_NAcc,-0.61509
sub-047,Right_NAcc,-0.070673
sub-048,Right_NAcc,-1.446235
sub-049,Right_NAcc,0.049724
sub-050,Right_NAcc,0.899327
sub-051,Right_NAcc,-0.931644
sub-052,Right_NAcc,-0.720662
sub-053,Right_NAcc,0.400559
sub-054,Right_NAcc,0.426956
sub-055,Right_NAcc,-2.649939
sub-056,Right_NAcc,2.048708
sub-057,Right_NAcc,0.47863
sub-058,Right_NAcc,0.656419
sub-059,Right_NAcc,-0.231084
sub-060,Right_NAcc,-2.038714
sub-061,Right_NAcc,0.63298
sub-062,Right_NAcc,-0.676333
sub-063,Right_NAcc,0.494869
sub-064,Right_NAcc,-0.310557
sub-065,Right_NAcc,0.171854
sub-066,Right_NAcc,-0.897885
sub-067,Right_NAcc,0.833263
sub-068,Right_NAcc,-1.334406
sub-069,Right_NAcc,2.291754
sub-070,Right_NAcc,2.283707
sub-071,Right_NAcc,1.64458
sub-072,Right_NAcc,1.267364
sub-073,Right_NAcc,-0.16879
sub-074,Right_NAcc,1.152334
sub-075,Right_NAcc,-0.181069
sub-076,Right_NAcc,-1.719983
sub-077,Right_NAcc,1.507833
sub-078,Right_NAcc,1.1125
sub-079,Right_NAcc,-0.112602
sub-080,Right_NAcc,-1.373272
sub-081,Right_NAcc,-0.698522
sub-082,Right_NAcc,-2.002592
sub-083,Right_NAcc,0.918472
sub-084,Right_NAcc,-1.772562
sub-085,Right_NAcc,0.223377
sub-086,Right_NAcc,-0.970427
sub-087,Right_NAcc,-1.586071
sub-088,Right_NAcc,0.172188
sub-089,Right_NAcc,-0.431992
sub-090,Right_NAcc,0.805597
sub-091,Right_NAcc,-1.418067
sub-092,Right_NAcc,-0.879214
sub-093,Right_NAcc,-2.600797
sub-094,Right_NAcc,-2.386123
sub-095,Right_NAcc,1.819336
sub-096,Right_NAcc,2.120717
sub-097,Right_NAcc,0.018407
sub-098,Right_NAcc,-0.949451
sub-099,Right_NAcc,-0.394663
sub-100,Right_NAcc,0.842963
sub-101,Right_NAcc,-0.62269
sub-102,Right_NAcc,0.171426
sub-103,Right_NAcc,-0.092979
sub-104,Right_NAcc,-0.68016
sub-105,Right_NAcc,-0.635155
sub-106,Right_NAcc,0.23023
sub-107,Right_NAcc,-1.111078
sub-108,Right_NAcc,0.397506
sub-109,Right_NAcc,-0.577484
sub-110,Right_NAcc,0.054988
sub-111,Right_NAcc,1.38192
sub-112,Right_NAcc,-0.257115
sub-113,Right_NAcc,0.891781
sub-114,Right_NAcc,-1.971849
sub-115,Right_NAcc,-0.5762
sub-116,Right_NAcc,-0.050271
sub-117,Right_NAcc,1.951478
sub-118,Right_NAcc,-2.149168
sub-119,Right_NAcc,-0.181104
sub-120,Right_NAcc,1.458717
sub-121,Right_NAcc,-0.90847
sub-122,Right_NAcc,-0.304261
sub-123,Right_NAcc,0.270799
sub-124,Right_NAcc,0.115327
sub-125,Right_NAcc,1.573904
sub-126,Right_NAcc,0.394068
sub-127,Right_NAcc,1.322585
sub-128,Right_NAcc,-0.459668
sub-129,Right_NAcc,-0.861485
sub-130,Right_NAcc,-0.317867
sub-131,Right_NAcc,-1.303492
sub-132,Right_NAcc,0.431067
sub-133,Right_NAcc,-0.486986
sub-134,Right_NAcc,-0.788901
sub-135,Right_NAcc,0.447061
sub-136,Right_NAcc,-1.287243
sub-137,Right_NAcc,0.734121
sub-138,Right_NAcc,-0.584621
sub-139,Right_NAcc,1.144467
sub-140,Right_NAcc,-0.49423
sub-141,Right_NAcc,0.587771
sub-142,Right_NAcc,0.110104
sub-143,Right_NAcc,0.706032
sub-144,Right_NAcc,0.036592
sub-145,Right_NAcc,-1.836014
sub-146,Right_NAcc,0.985751
sub-147,Right_NAcc,-0.1721
sub-148,Right_NAcc,0.7542
sub-149,Right_NAcc,0.649373
sub-150,Right_NAcc,-0.89609
sub-151,Right_NAcc,-1.045509
sub-152,Right_NAcc,0.612529
sub-153,Right_NAcc,-0.399732
sub-154,Right_NAcc,0.909336
sub-155,Right_NAcc,-0.267685
sub-156,Right_NAcc,1.001185
sub-157,Right_NAcc,0.36749
sub-158,Right_NAcc,0.224585
sub-159,Right_NAcc,-0.474455
sub-160,Right_NAcc,0.165929
sub-161,Right_NAcc,1.180113
sub-162,Right_NAcc,-0.136759
sub-163,Right_NAcc,0.481397
sub-164,Right_NAcc,-0.030554
sub-165,Right_NAcc,0.05207
sub-166,Right_NAcc,1.740368
sub-167,Right_NAcc,1.189487
sub-168,Right_NAcc,0.004339
sub-169,Right_NAcc,0.146949
sub-170,Right_NAcc,-0.820666
sub-171,Right_NAcc,-0.262162
sub-172,Right_NAcc,0.247207
sub-173,Right_NAcc,0.818717
sub-174,Right_NAcc,0.711649
sub-001,Right_dACC_MCC,-1.359353
sub-002,Right_dACC_MCC,0.816085
sub-003,Right_dACC_MCC,-0.231631
sub-004,Right_dACC_MCC,-1.04421
sub-005,Right_dACC_MCC,1.234405
sub-006,Right_dACC_MCC,1.661602
sub-007,Right_dACC_MCC,0.067054
sub-008,Right_dACC_MCC,0.477381
sub-009,Right_dACC_MCC,0.831034
sub-010,Right_dACC_MCC,1.026154
sub-011,Right_dACC_MCC,0.771548
sub-012,Right_dACC_MCC,-1.375579
sub-013,Right_dACC_MCC,1.953167
sub-014,Right_dACC_MCC,1.376704
sub-015,Right_dACC_MCC,-0.705092
sub-016,Right_dACC_MCC,-0.643974
sub-017,Right_dACC_MCC,0.410284
sub-018,Right_dACC_MCC,-0.614265
sub-019,Right_dACC_MCC,0.297837
sub-020,Right_dACC_MCC,0.465548
sub-021,Right_dACC_MCC,-0.791212
sub-022,Right_dACC_MCC,-1.096484
sub-023,Right_dACC_MCC,0.460959
sub-024,Right_dACC_MCC,-0.729276
sub-025,Right_dACC_MCC,0.312646
sub-026,Right_dACC_MCC,-1.160031
sub-027,Right_dACC_MCC,0.007332
sub-028,Right_dACC_MCC,0.788898
sub-029,Right_dACC_MCC,0.861312
sub-030,Right_dACC_MCC,-1.263845
sub-031,Right_dACC_MCC,-1.306181
sub-032,Right_dACC_MCC,-0.226246
sub-033,Right_dACC_MCC,0.542879
sub-034,Right_dACC_MCC,0.233372
sub-035,Right_dACC_MCC,-0.607731
sub-036,Right_dACC_MCC,0.662735
sub-037,Right_dACC_MCC,1.433821
sub-038,Right_dACC_MCC,0.24669
sub-039,Right_dACC_MCC,-1.758699
sub-040,Right_dACC_MCC,0.170562
sub-041,Right_dACC_MCC,2.021448
sub-042,Right_dACC_MCC,-1.258881
sub-043,Right_dACC_MCC,0.23369
sub-044,Right_dACC_MCC,0.079839
sub-045,Right_dACC_MCC,0.113069
sub-046,Right_dACC_MCC,0.274198
sub-047,Right_dACC_MCC,0.851222
sub-048,Right_dACC_MCC,0.014626
sub-049,Right_dACC_MCC,1.449094
sub-050,Right_dACC_MCC,0.018616
sub-051,Right_dACC_MCC,-0.360608
sub-052,Right_dACC_MCC,-0.536047
sub-053,Right_dACC_MCC,-1.786582
sub-054,Right_dACC_MCC,0.490822
sub-055,Right_dACC_MCC,2.093781
sub-056,Right_dACC_MCC,0.334489
sub-057,Right_dACC_MCC,0.717844
sub-058,Right_dACC_MCC,-1.113605
sub-059,Right_dACC_MCC,-0.215774
sub-060,Right_dACC_MCC,0.145915
sub-061,Right_dACC_MCC,1.606341
sub-062,Right_dACC_MCC,1.555536
sub-063,Right_dACC_MCC,0.869056
sub-064,Right_dACC_MCC,-0.271392
sub-065,Right_dACC_MCC,0.004365
sub-066,Right_dACC_MCC,-0.51534
sub-067,Right_dACC_MCC,-1.626388
sub-068,Right_dACC_MCC,-0.702431
sub-069,Right_dACC_MCC,-0.001986
sub-070,Right_dACC_MCC,-0.258575
sub-071,Right_dACC_MCC,-1.187127
sub-072,Right_dACC_MCC,-0.061151
sub-073,Right_dACC_MCC,-0.594741
sub-074,Right_dACC_MCC,-1.265165
sub-075,Right_dACC_MCC,-0.435154
sub-076,Right_dACC_MCC,-0.67679
sub-077,Right_dACC_MCC,-0.73332
sub-078,Right_dACC_MCC,0.724616
sub-079,Right_dACC_MCC,-1.778474
sub-080,Right_dACC_MCC,-2.05768
sub-081,Right_dACC_MCC,-0.110752
sub-082,Right_dACC_MCC,0.022112
sub-083,Right_dACC_MCC,0.406686
sub-084,Right_dACC_MCC,-0.463171
sub-085,Right_dACC_MCC,-1.201936
sub-086,Right_dACC_MCC,-0.287939
sub-087,Right_dACC_MCC,-0.257419
sub-088,Right_dACC_MCC,1.429992
sub-089,Right_dACC_MCC,-0.691537
sub-090,Right_dACC_MCC,-0.008623
sub-091,Right_dACC_MCC,2.559187
sub-092,Right_dACC_MCC,-0.58526
sub-093,Right_dACC_MCC,0.562121
sub-094,Right_dACC_MCC,0.76453
sub-095,Right_dACC_MCC,0.77157
sub-096,Right_dACC_MCC,0.380056
sub-097,Right_dACC_MCC,-0.163558
sub-098,Right_dACC_MCC,0.12228
sub-099,Right_dACC_MCC,-0.702379
sub-100,Right_dACC_MCC,0.172063
sub-101,Right_dACC_MCC,2.19556
sub-102,Right_dACC_MCC,1.499823
sub-103,Right_dACC_MCC,0.649653
sub-104,Right_dACC_MCC,1.103995
sub-105,Right_dACC_MCC,-0.9573
sub-106,Right_dACC_MCC,-0.238793
sub-107,Right_dACC_MCC,1.077087
sub-108,Right_dACC_MCC,1.482231
sub-109,Right_dACC_MCC,-0.80488
sub-110,Right_dACC_MCC,-0.36163
sub-111,Right_dACC_MCC,2.146441
sub-112,Right_dACC_MCC,-0.114429
sub-113,Right_dACC_MCC,1.705574
sub-114,Right_dACC_MCC,0.296708
sub-115,Right_dACC_MCC,0.198184
sub-116,Right_dACC_MCC,-0.287137
sub-117,Right_dACC_MCC,1.050498
sub-118,Right_dACC_MCC,1.242254
sub-119,Right_dACC_MCC,-0.935465
sub-120,Right_dACC_MCC,-0.326271
sub-121,Right_dACC_MCC,0.604809
sub-122,Right_dACC_MCC,0.132976
sub-123,Right_dACC_MCC,-0.662088
sub-124,Right_dACC_MCC,0.608389
sub-125,Right_dACC_MCC,0.83741
sub-126,Right_dACC_MCC,-0.731867
sub-127,Right_dACC_MCC,0.174691
sub-128,Right_dACC_MCC,-1.337283
sub-129,Right_dACC_MCC,-1.033782
sub-130,Right_dACC_MCC,0.209758
sub-131,Right_dACC_MCC,0.054339
sub-132,Right_dACC_MCC,-0.962955
sub-133,Right_dACC_MCC,-0.688018
sub-134,Right_dACC_MCC,-0.996656
sub-135,Right_dACC_MCC,-0.053083
sub-136,Right_dACC_MCC,-2.1268
sub-137,Right_dACC_MCC,-1.555821
sub-138,Right_dACC_MCC,-1.932808
sub-139,Right_dACC_MCC,0.371738
sub-140,Right_dACC_MCC,-1.650344
sub-141,Right_dACC_MCC,0.24062
sub-142,Right_dACC_MCC,1.654589
sub-143,Right_dACC_MCC,1.534736
sub-144,Right_dACC_MCC,-1.776478
sub-145,Right_dACC_MCC,0.134681
sub-146,Right_dACC_MCC,-1.054985
sub-147,Right_dACC_MCC,-1.045357
sub-148,Right_dACC_MCC,-0.289435
sub-149,Right_dACC_MCC,1.369923
sub-150,Right_dACC_MCC,0.704473
sub-151,Right_dACC_MCC,-0.986499
sub-152,Right_dACC_MCC,0.876338
sub-153,Right_dACC_MCC,-2.173514
sub-154,Right_dACC_MCC,-0.793038
sub-155,Right_dACC_MCC,-1.054534
sub-156,Right_dACC_MCC,-0.161115
sub-157,Right_dACC_MCC,-0.375616
sub-158,Right_dACC_MCC,-0.07646
sub-159,Right_dACC_MCC,-0.438798
sub-160,Right_dACC_MCC,0.066632
sub-161,Right_dACC_MCC,0.223161
sub-162,Right_dACC_MCC,0.054579
sub-163,Right_dACC_MCC,-0.31628
sub-164,Right_dACC_MCC,0.891577
sub-165,Right_dACC_MCC,0.483368
sub-166,Right_dACC_MCC,-0.292873
sub-167,Right_dACC_MCC,-0.079408
sub-168,Right_dACC_MCC,1.216088
sub-169,Right_dACC_MCC,-1.144081
sub-170,Right_dACC_MCC,1.87512
sub-171,Right_dACC_MCC,-1.443409
sub-172,Right_dACC_MCC,-0.083243
sub-173,Right_dACC_MCC,-1.115489
sub-174,Right_dACC_MCC,2.414439
sub-001,PBN,-0.45781
sub-002,PBN,-0.45528
sub-003,PBN,-0.324129
sub-004,PBN,0.146018
sub-005,PBN,-0.281478
sub-006,PBN,-0.084331
sub-007,PBN,-3.5083
sub-008,PBN,0.107263
sub-009,PBN,0.067589
sub-010,PBN,1.09666
sub-011,PBN,1.369354
sub-012,PBN,-0.139599
sub-013,PBN,0.87251
sub-014,PBN,-1.060898
sub-015,PBN,0.823226
sub-016,PBN,-0.527498
sub-017,PBN,-1.144703
sub-018,PBN,-0.137462
sub-019,PBN,1.461509
sub-020,PBN,0.232116
sub-021,PBN,1.558307
sub-022,PBN,-0.70519
sub-023,PBN,1.106018
sub-024,PBN,-0.607831
sub-025,PBN,0.2768
sub-026,PBN,0.268084
sub-027,PBN,0.716514
sub-028,PBN,0.302419
sub-029,PBN,-0.695564
sub-030,PBN,0.93711
sub-031,PBN,1.795389
sub-032,PBN,-0.538918
sub-033,PBN,-1.800533
sub-034,PBN,0.553021
sub-035,PBN,-0.284239
sub-036,PBN,-0.082533
sub-037,PBN,0.610342
sub-038,PBN,-0.41047
sub-039,PBN,-0.221403
sub-040,PBN,-0.051297
sub-041,PBN,1.531355
sub-042,PBN,0.079952
sub-043,PBN,-1.196094
sub-044,PBN,-1.155975
sub-045,PBN,0.190001
sub-046,PBN,-1.088984
sub-047,PBN,-1.525383
sub-048,PBN,0.690347
sub-049,PBN,0.739708
sub-050,PBN,-0.321496
sub-051,PBN,0.345687
sub-052,PBN,0.23929
sub-053,PBN,0.65696
sub-054,PBN,0.65931
sub-055,PBN,-2.577362
sub-056,PBN,-0.192819
sub-057,PBN,0.571757
sub-058,PBN,-0.36416
sub-059,PBN,0.086135
sub-060,PBN,0.806448
sub-061,PBN,0.131221
sub-062,PBN,1.569831
sub-063,PBN,1.185797
sub-064,PBN,-0.069892
sub-065,PBN,-0.150021
sub-066,PBN,-2.823888
sub-067,PBN,-0.279522
sub-068,PBN,-1.314647
sub-069,PBN,0.272668
sub-070,PBN,0.203752
sub-071,PBN,0.751157
sub-072,PBN,1.457677
sub-073,PBN,0.023154
sub-074,PBN,2.348616
sub-075,PBN,0.283981
sub-076,PBN,-1.271244
sub-077,PBN,-0.51701
sub-078,PBN,-0.326143
sub-079,PBN,0.646584
sub-080,PBN,-0.905323
sub-081,PBN,-0.250764
sub-082,PBN,-0.112714
sub-083,PBN,-0.402131
sub-084,PBN,0.867658
sub-085,PBN,0.696179
sub-086,PBN,1.2257
sub-087,PBN,-0.284082
sub-088,PBN,1.261953
sub-089,PBN,-1.325462
sub-090,PBN,-1.350048
sub-091,PBN,-1.174044
sub-092,PBN,0.058924
sub-093,PBN,1.261803
sub-094,PBN,-0.557406
sub-095,PBN,-0.430936
sub-096,PBN,-0.168139
sub-097,PBN,0.627128
sub-098,PBN,-0.431876
sub-099,PBN,-0.488121
sub-100,PBN,-1.306709
sub-101,PBN,-0.526737
sub-102,PBN,1.236684
sub-103,PBN,0.141304
sub-104,PBN,-0.696239
sub-105,PBN,1.295843
sub-106,PBN,-0.54034
sub-107,PBN,1.481151
sub-108,PBN,1.46467
sub-109,PBN,0.106105
sub-110,PBN,-1.46111
sub-111,PBN,2.357774
sub-112,PBN,0.440066
sub-113,PBN,-0.276886
sub-114,PBN,1.013548
sub-115,PBN,0.757657
sub-116,PBN,1.371247
sub-117,PBN,-0.618102
sub-118,PBN,0.370703
sub-119,PBN,-1.145886
sub-120,PBN,0.721396
sub-121,PBN,0.026505
sub-122,PBN,0.332934
sub-123,PBN,-0.097904
sub-124,PBN,-0.203394
sub-125,PBN,-0.825661
sub-126,PBN,0.846502
sub-127,PBN,1.551467
sub-128,PBN,-0.511562
sub-129,PBN,0.607684
sub-130,PBN,0.485339
sub-131,PBN,0.057801
sub-132,PBN,-1.489384
sub-133,PBN,-1.262555
sub-134,PBN,-0.737702
sub-135,PBN,-2.106778
sub-136,PBN,1.469129
sub-137,PBN,0.420334
sub-138,PBN,0.019433
sub-139,PBN,-2.158426
sub-140,PBN,-1.789079
sub-141,PBN,0.047277
sub-142,PBN,2.036167
sub-143,PBN,-0.654694
sub-144,PBN,0.920467
sub-145,PBN,-0.434171
sub-146,PBN,0.105326
sub-147,PBN,1.274209
sub-148,PBN,-0.29913
sub-149,PBN,-0.646085
sub-150,PBN,1.479251
sub-151,PBN,0.095566
sub-152,PBN,1.149725
sub-153,PBN,-0.641189
sub-154,PBN,1.467762
sub-155,PBN,0.325492
sub-156,PBN,0.487964
sub-157,PBN,0.182338
sub-158,PBN,-0.459952
sub-159,PBN,0.047941
sub-160,PBN,-0.396555
sub-161,PBN,1.016994
sub-162,PBN,-0.155073
sub-163,PBN,-1.459051
sub-164,PBN,-1.643456
sub-165,PBN,-1.691136
sub-166,PBN,0.672638
sub-167,PBN,-1.11124
sub-168,PBN,0.352166
sub-169,PBN,0.187324
sub-170,PBN,-0.015598
sub-171,PBN,0.491611
sub-172,PBN,0.20923
sub-173,PBN,-2.682149
sub-174,PBN,-0.276622
sub-001,SI_BF_Ch4,0.342068
sub-002,SI_BF_Ch4,1.447044
sub-003,SI_BF_Ch4,1.489031
sub-004,SI_BF_Ch4,-1.284009
sub-005,SI_BF_Ch4,-0.362491
sub-006,SI_BF_Ch4,-1.468566
sub-007,SI_BF_Ch4,1.337565
sub-008,SI_BF_Ch4,0.876518
sub-009,SI_BF_Ch4,0.274311
sub-010,SI_BF_Ch4,0.10655
sub-011,SI_BF_Ch4,1.21094
sub-012,SI_BF_Ch4,1.056988
sub-013,SI_BF_Ch4,1.00854
sub-014,SI_BF_Ch4,0.370781
sub-015,SI_BF_Ch4,-0.362039
sub-016,SI_BF_Ch4,0.653072
sub-017,SI_BF_Ch4,0.697553
sub-018,SI_BF_Ch4,-0.217831
sub-019,SI_BF_Ch4,-0.363876
sub-020,SI_BF_Ch4,0.986051
sub-021,SI_BF_Ch4,1.468715
sub-022,SI_BF_Ch4,-0.725915
sub-023,SI_BF_Ch4,-0.283973
sub-024,SI_BF_Ch4,0.274625
sub-025,SI_BF_Ch4,0.397987
sub-026,SI_BF_Ch4,-0.519475
sub-027,SI_BF_Ch4,1.668222
sub-028,SI_BF_Ch4,0.339333
sub-029,SI_BF_Ch4,0.43871
sub-030,SI_BF_Ch4,1.554889
sub-031,SI_BF_Ch4,-0.452818
sub-032,SI_BF_Ch4,-0.124894
sub-033,SI_BF_Ch4,-1.184141
sub-034,SI_BF_Ch4,-0.201202
sub-035,SI_BF_Ch4,-1.398379
sub-036,SI_BF_Ch4,0.635545
sub-037,SI_BF_Ch4,0.337425
sub-038,SI_BF_Ch4,-0.296424
sub-039,SI_BF_Ch4,-0.135798
sub-040,SI_BF_Ch4,0.647927
sub-041,SI_BF_Ch4,-1.077273
sub-042,SI_BF_Ch4,0.14117
sub-043,SI_BF_Ch4,0.591589
sub-044,SI_BF_Ch4,-1.665122
sub-045,SI_BF_Ch4,0.578339
sub-046,SI_BF_Ch4,-1.566724
sub-047,SI_BF_Ch4,-0.151412
sub-048,SI_BF_Ch4,-1.102366
sub-049,SI_BF_Ch4,1.256965
sub-050,SI_BF_Ch4,-1.096664
sub-051,SI_BF_Ch4,-1.545017
sub-052,SI_BF_Ch4,0.076776
sub-053,SI_BF_Ch4,-0.420667
sub-054,SI_BF_Ch4,-1.412635
sub-055,SI_BF_Ch4,0.433647
sub-056,SI_BF_Ch4,-1.855372
sub-057,SI_BF_Ch4,-0.986747
sub-058,SI_BF_Ch4,-0.567534
sub-059,SI_BF_Ch4,0.684987
sub-060,SI_BF_Ch4,1.1335
sub-061,SI_BF_Ch4,0.958289
sub-062,SI_BF_Ch4,-0.183856
sub-063,SI_BF_Ch4,-2.251658
sub-064,SI_BF_Ch4,0.310924
sub-065,SI_BF_Ch4,1.292725
sub-066,SI_BF_Ch4,1.077416
sub-067,SI_BF_Ch4,0.376482
sub-068,SI_BF_Ch4,-1.126109
sub-069,SI_BF_Ch4,-0.522149
sub-070,SI_BF_Ch4,1.713955
sub-071,SI_BF_Ch4,-1.332729
sub-072,SI_BF_Ch4,-1.088226
sub-073,SI_BF_Ch4,0.81259
sub-074,SI_BF_Ch4,-0.43654
sub-075,SI_BF_Ch4,-1.119064
sub-076,SI_BF_Ch4,1.344918
sub-077,SI_BF_Ch4,0.374761
sub-078,SI_BF_Ch4,-0.391658
sub-079,SI_BF_Ch4,-1.086347
sub-080,SI_BF_Ch4,1.817245
sub-081,SI_BF_Ch4,-0.066716
sub-082,SI_BF_Ch4,1.226122
sub-083,SI_BF_Ch4,0.768108
sub-084,SI_BF_Ch4,-0.518143
sub-085,SI_BF_Ch4,-0.510905
sub-086,SI_BF_Ch4,1.270667
sub-087,SI_BF_Ch4,1.2854
sub-088,SI_BF_Ch4,-1.751181
sub-089,SI_BF_Ch4,0.455439
sub-090,SI_BF_Ch4,-0.154704
sub-091,SI_BF_Ch4,-0.984093
sub-092,SI_BF_Ch4,0.193526
sub-093,SI_BF_Ch4,-1.271684
sub-094,SI_BF_Ch4,-0.468635
sub-095,SI_BF_Ch4,-0.770542
sub-096,SI_BF_Ch4,-0.498947
sub-097,SI_BF_Ch4,-0.109478
sub-098,SI_BF_Ch4,-0.967947
sub-099,SI_BF_Ch4,1.386025
sub-100,SI_BF_Ch4,0.404065
sub-101,SI_BF_Ch4,1.587332
sub-102,SI_BF_Ch4,-0.190045
sub-103,SI_BF_Ch4,-0.543502
sub-104,SI_BF_Ch4,1.554463
sub-105,SI_BF_Ch4,-0.570118
sub-106,SI_BF_Ch4,-0.206605
sub-107,SI_BF_Ch4,0.610264
sub-108,SI_BF_Ch4,-1.169959
sub-109,SI_BF_Ch4,0.602305
sub-110,SI_BF_Ch4,0.485961
sub-111,SI_BF_Ch4,1.109728
sub-112,SI_BF_Ch4,0.764844
sub-113,SI_BF_Ch4,1.137601
sub-114,SI_BF_Ch4,-0.14489
sub-115,SI_BF_Ch4,-0.828917
sub-116,SI_BF_Ch4,1.874149
sub-117,SI_BF_Ch4,-1.432722
sub-118,SI_BF_Ch4,-1.341625
sub-119,SI_BF_Ch4,0.469394
sub-120,SI_BF_Ch4,1.433134
sub-121,SI_BF_Ch4,0.127878
sub-122,SI_BF_Ch4,0.864195
sub-123,SI_BF_Ch4,-1.859286
sub-124,SI_BF_Ch4,-0.498723
sub-125,SI_BF_Ch4,-1.748482
sub-126,SI_BF_Ch4,0.665153
sub-127,SI_BF_Ch4,-1.451395
sub-128,SI_BF_Ch4,-1.206416
sub-129,SI_BF_Ch4,0.422926
sub-130,SI_BF_Ch4,0.921045
sub-131,SI_BF_Ch4,-0.189033
sub-132,SI_BF_Ch4,0.473981
sub-133,SI_BF_Ch4,0.444534
sub-134,SI_BF_Ch4,-0.240372
sub-135,SI_BF_Ch4,-1.039909
sub-136,SI_BF_Ch4,0.469179
sub-137,SI_BF_Ch4,0.513012
sub-138,SI_BF_Ch4,0.768463
sub-139,SI_BF_Ch4,0.239283
sub-140,SI_BF_Ch4,-1.107011
sub-141,SI_BF_Ch4,0.583251
sub-142,SI_BF_Ch4,-0.045738
sub-143,SI_BF_Ch4,-0.48344
sub-144,SI_BF_Ch4,-0.312398
sub-145,SI_BF_Ch4,-0.67214
sub-146,SI_BF_Ch4,0.763752
sub-147,SI_BF_Ch4,-1.333988
sub-148,SI_BF_Ch4,-0.947869
sub-149,SI_BF_Ch4,-0.343439
sub-150,SI_BF_Ch4,1.422918
sub-151,SI_BF_Ch4,0.914186
sub-152,SI_BF_Ch4,-1.536515
sub-153,SI_BF_Ch4,1.184311
sub-154,SI_BF_Ch4,1.182559
sub-155,SI_BF_Ch4,-1.11202
sub-156,SI_BF_Ch4,-2.33727
sub-157,SI_BF_Ch4,-0.110154
sub-158,SI_BF_Ch4,0.97615
sub-159,SI_BF_Ch4,1.402468
sub-160,SI_BF_Ch4,-0.836334
sub-161,SI_BF_Ch4,1.54861
sub-162,SI_BF_Ch4,-2.070364
sub-163,SI_BF_Ch4,-0.379154
sub-164,SI_BF_Ch4,-0.423856
sub-165,SI_BF_Ch4,1.00335
sub-166,SI_BF_Ch4,1.136077
sub-167,SI_BF_Ch4,0.823203
sub-168,SI_BF_Ch4,-1.272551
sub-169,SI_BF_Ch4,0.739906
sub-170,SI_BF_Ch4,0.418395
sub-171,SI_BF_Ch4,-1.564153
sub-172,SI_BF_Ch4,-1.924039
sub-173,SI_BF_Ch4,0.899372
sub-174,SI_BF_Ch4,-0.208248
sub-001,CeA,-1.104584
sub-002,CeA,-0.118124
sub-003,CeA,0.40598
sub-004,CeA,-0.00334
sub-005,CeA,-1.348956
sub-006,CeA,1.799573
sub-007,CeA,0.992333
sub-008,CeA,-0.234635
sub-009,CeA,-0.197739
sub-010,CeA,0.401809
sub-011,CeA,-0.962102
sub-012,CeA,0.368093
sub-013,CeA,-1.146304
sub-014,CeA,0.007942
sub-015,CeA,-0.997777
sub-016,CeA,-0.951535
sub-017,CeA,1.579903
sub-018,CeA,0.126792
sub-019,CeA,0.262514
sub-020,CeA,-1.769726
sub-021,CeA,-0.474263
sub-022,CeA,0.494981
sub-023,CeA,0.25036
sub-024,CeA,-1.900382
sub-025,CeA,0.262268
sub-026,CeA,0.408286
sub-027,CeA,1.248374
sub-028,CeA,-0.527596
sub-029,CeA,-1.981019
sub-030,CeA,-0.840421
sub-031,CeA,-0.932283
sub-032,CeA,0.747315
sub-033,CeA,-2.415779
sub-034,CeA,-0.338115
sub-035,CeA,1.378466
sub-036,CeA,0.079152
sub-037,CeA,0.893504
sub-038,CeA,-1.431217
sub-039,CeA,-1.394755
sub-040,CeA,1.388951
sub-041,CeA,0.165251
sub-042,CeA,0.167137
sub-043,CeA,-0.951598
sub-044,CeA,0.164854
sub-045,CeA,-0.977046
sub-046,CeA,1.159629
sub-047,CeA,2.571032
sub-048,CeA,0.515799
sub-049,CeA,-0.509017
sub-050,CeA,-2.248093
sub-051,CeA,-1.470296
sub-052,CeA,1.496681
sub-053,CeA,-0.870116
sub-054,CeA,-0.267111
sub-055,CeA,0.672774
sub-056,CeA,1.430211
sub-057,CeA,-0.110261
sub-058,CeA,-0.298099
sub-059,CeA,0.138145
sub-060,CeA,-0.502323
sub-061,CeA,-0.453029
sub-062,CeA,0.449797
sub-063,CeA,0.242259
sub-064,CeA,2.024934
sub-065,CeA,0.474498
sub-066,CeA,1.126908
sub-067,CeA,-0.90867
sub-068,CeA,0.55355
sub-069,CeA,-0.58965
sub-070,CeA,0.434751
sub-071,CeA,0.703173
sub-072,CeA,0.118222
sub-073,CeA,2.277473
sub-074,CeA,1.380467
sub-075,CeA,1.150813
sub-076,CeA,0.772574
sub-077,CeA,1.68765
sub-078,CeA,-1.243609
sub-079,CeA,1.327621
sub-080,CeA,-0.835359
sub-081,CeA,-0.444346
sub-082,CeA,0.586738
sub-083,CeA,1.202082
sub-084,CeA,-0.984043
sub-085,CeA,-0.396907
sub-086,CeA,0.161878
sub-087,CeA,-0.098152
sub-088,CeA,0.854774
sub-089,CeA,3.219595
sub-090,CeA,0.456612
sub-091,CeA,-0.600839
sub-092,CeA,-1.114958
sub-093,CeA,-0.225362
sub-094,CeA,-0.788652
sub-095,CeA,0.500786
sub-096,CeA,0.486563
sub-097,CeA,-0.351681
sub-098,CeA,1.890614
sub-099,CeA,-0.601068
sub-100,CeA,-0.036844
sub-101,CeA,0.65797
sub-102,CeA,0.8896
sub-103,CeA,1.242709
sub-104,CeA,0.465016
sub-105,CeA,1.035102
sub-106,CeA,-0.536643
sub-107,CeA,0.913439
sub-108,CeA,0.901209
sub-109,CeA,1.458235
sub-110,CeA,-1.455615
sub-111,CeA,-0.758365
sub-112,CeA,0.82648
sub-113,CeA,-2.355903
sub-114,CeA,0.523186
sub-115,CeA,1.043246
sub-116,CeA,-0.45537
sub-117,CeA,-0.321476
sub-118,CeA,-0.911283
sub-119,CeA,-0.405152
sub-120,CeA,-0.37861
sub-121,CeA,-0.552885
sub-122,CeA,-0.603112
sub-123,CeA,-0.175674
sub-124,CeA,-0.186756
sub-125,CeA,1.789108
sub-126,CeA,-0.288498
sub-127,CeA,0.387761
sub-128,CeA,-0.455835
sub-129,CeA,-0.467479
sub-130,CeA,-1.488529
sub-131,CeA,-1.366707
sub-132,CeA,-1.032973
sub-133,CeA,0.240798
sub-134,CeA,1.058239
sub-135,CeA,-1.563904
sub-136,CeA,-0.430367
sub-137,CeA,-1.179423
sub-138,CeA,-0.169512
sub-139,CeA,1.057869
sub-140,CeA,-0.336765
sub-141,CeA,0.029024
sub-142,CeA,1.405424
sub-143,CeA,0.491948
sub-144,CeA,-0.623641
sub-145,CeA,0.2181
sub-146,CeA,-0.685427
sub-147,CeA,0.457675
sub-148,CeA,0.544558
sub-149,CeA,-1.179669
sub-150,CeA,0.232969
sub-151,CeA,-0.035143
sub-152,CeA,0.571429
sub-153,CeA,0.833996
sub-154,CeA,0.509853
sub-155,CeA,-0.205157
sub-156,CeA,0.927405
sub-157,CeA,-0.727114
sub-158,CeA,-1.136952
sub-159,CeA,-2.854095
sub-160,CeA,0.008302
sub-161,CeA,-0.679929
sub-162,CeA,0.436859
sub-163,CeA,-1.732949
sub-164,CeA,-0.520221
sub-165,CeA,0.503277
sub-166,CeA,-0.870706
sub-167,CeA,0.447394
sub-168,CeA,-0.437645
sub-169,CeA,0.042496
sub-170,CeA,0.617665
sub-171,CeA,0.945235
sub-172,CeA,0.157262
sub-173,CeA,-0.673026
sub-174,CeA,-0.346983
sub-001,BNST,0.709148
sub-002,BNST,-0.899429
sub-003,BNST,-0.081479
sub-004,BNST,-0.283076
sub-005,BNST,-0.00901
sub-006,BNST,-0.887816
sub-007,BNST,-1.705256
sub-008,BNST,0.596414
sub-009,BNST,1.026532
sub-010,BNST,-1.647275
sub-011,BNST,0.449142
sub-012,BNST,1.14202
sub-013,BNST,0.669332
sub-014,BNST,-0.312941
sub-015,BNST,-0.823999
sub-016,BNST,0.169812
sub-017,BNST,0.331626
sub-018,BNST,0.184198
sub-019,BNST,-0.083485
sub-020,BNST,-0.958989
sub-021,BNST,0.501294
sub-022,BNST,0.548019
sub-023,BNST,0.286069
sub-024,BNST,0.198929
sub-025,BNST,1.720245
sub-026,BNST,-0.514433
sub-027,BNST,1.334338
sub-028,BNST,-0.620797
sub-029,BNST,1.167016
sub-030,BNST,1.287709
sub-031,BNST,-0.193022
sub-032,BNST,1.702506
sub-033,BNST,0.546255
sub-034,BNST,-0.759757
sub-035,BNST,-0.2717
sub-036,BNST,1.190115
sub-037,BNST,0.986694
sub-038,BNST,-0.935114
sub-039,BNST,-0.043831
sub-040,BNST,0.288689
sub-041,BNST,-0.401154
sub-042,BNST,2.378486
sub-043,BNST,0.317928
sub-044,BNST,0.031296
sub-045,BNST,1.246465
sub-046,BNST,-0.263025
sub-047,BNST,1.068532
sub-048,BNST,-1.526558
sub-049,BNST,-0.348818
sub-050,BNST,1.108928
sub-051,BNST,1.614458
sub-052,BNST,-0.658892
sub-053,BNST,-0.771931
sub-054,BNST,0.64172
sub-055,BNST,-0.513128
sub-056,BNST,-0.169281
sub-057,BNST,0.941431
sub-058,BNST,-0.436559
sub-059,BNST,-1.815341
sub-060,BNST,-1.170884
sub-061,BNST,0.100915
sub-062,BNST,-1.716391
sub-063,BNST,-0.197008
sub-064,BNST,-1.259172
sub-065,BNST,1.682111
sub-066,BNST,2.191595
sub-067,BNST,-0.935266
sub-068,BNST,0.340331
sub-069,BNST,-0.8404
sub-070,BNST,-0.2088
sub-071,BNST,1.840747
sub-072,BNST,-0.361462
sub-073,BNST,-0.186218
sub-074,BNST,-0.823061
sub-075,BNST,1.20314
sub-076,BNST,-3.074336
sub-077,BNST,-0.338286
sub-078,BNST,0.046745
sub-079,BNST,-0.550033
sub-080,BNST,0.928956
sub-081,BNST,1.257307
sub-082,BNST,-1.278518
sub-083,BNST,2.122084
sub-084,BNST,-1.289401
sub-085,BNST,1.341318
sub-086,BNST,0.236601
sub-087,BNST,-0.397367
sub-088,BNST,-0.305856
sub-089,BNST,0.058748
sub-090,BNST,0.293437
sub-091,BNST,-0.801355
sub-092,BNST,-0.13568
sub-093,BNST,-0.656348
sub-094,BNST,-1.087424
sub-095,BNST,-0.701591
sub-096,BNST,-1.024297
sub-097,BNST,-0.316321
sub-098,BNST,0.510788
sub-099,BNST,0.208355
sub-100,BNST,2.006508
sub-101,BNST,-2.053034
sub-102,BNST,0.546551
sub-103,BNST,0.097486
sub-104,BNST,0.882514
sub-105,BNST,0.786278
sub-106,BNST,-0.068796
sub-107,BNST,0.258741
sub-108,BNST,-0.630541
sub-109,BNST,0.68657
sub-110,BNST,-1.731381
sub-111,BNST,0.844833
sub-112,BNST,0.068778
sub-113,BNST,-0.381226
sub-114,BNST,-0.134315
sub-115,BNST,-0.063174
sub-116,BNST,1.349732
sub-117,BNST,3.227969
sub-118,BNST,1.274616
sub-119,BNST,-0.457147
sub-120,BNST,0.702189
sub-121,BNST,0.744433
sub-122,BNST,-0.806212
sub-123,BNST,-1.131804
sub-124,BNST,0.029871
sub-125,BNST,0.87479
sub-126,BNST,-1.472307
sub-127,BNST,-0.608063
sub-128,BNST,0.646769
sub-129,BNST,0.131733
sub-130,BNST,1.465141
sub-131,BNST,-1.277866
sub-132,BNST,2.37302
sub-133,BNST,-1.400701
sub-134,BNST,-1.877171
sub-135,BNST,0.034108
sub-136,BNST,-1.009246
sub-137,BNST,0.053662
sub-138,BNST,0.019738
sub-139,BNST,-0.098657
sub-140,BNST,-0.725939
sub-141,BNST,0.510964
sub-142,BNST,-0.216581
sub-143,BNST,1.161889
sub-144,BNST,-0.083716
sub-145,BNST,-0.844517
sub-146,BNST,-1.545938
sub-147,BNST,-0.0757
sub-148,BNST,-1.139958
sub-149,BNST,-1.218298
sub-150,BNST,0.602928
sub-151,BNST,-1.633205
sub-152,BNST,1.461183
sub-153,BNST,0.246194
sub-154,BNST,0.048727
sub-155,BNST,-0.912536
sub-156,BNST,0.832751
sub-157,BNST,0.08844
sub-158,BNST,-0.574303
sub-159,BNST,0.285101
sub-160,BNST,-1.54116
sub-161,BNST,-1.495122
sub-162,BNST,-0.9954
sub-163,BNST,0.430323
sub-164,BNST,0.088097
sub-165,BNST,1.10884
sub-166,BNST,-0.801196
sub-167,BNST,0.648725
sub-168,BNST,-0.019205
sub-169,BNST,-0.823561
sub-170,BNST,0.465033
sub-171,BNST,0.027222
sub-172,BNST,-0.519031
sub-173,BNST,0.132
sub-174,BNST,-0.034396
sub-001,LH,-0.05979
sub-002,LH,-0.313351
sub-003,LH,-1.187289
sub-004,LH,0.163948
sub-005,LH,-0.695421
sub-006,LH,-0.908544
sub-007,LH,-0.145006
sub-008,LH,0.809602
sub-009,LH,0.272508
sub-010,LH,-0.429454
sub-011,LH,-0.468828
sub-012,LH,0.713416
sub-013,LH,-2.256541
sub-014,LH,0.871633
sub-015,LH,-1.74461
sub-016,LH,-1.295468
sub-017,LH,-0.412926
sub-018,LH,2.216058
sub-019,LH,1.733523
sub-020,LH,0.782632
sub-021,LH,0.439909
sub-022,LH,-1.733114
sub-023,LH,0.244248
sub-024,LH,-0.44716
sub-025,LH,-0.709088
sub-026,LH,0.242334
sub-027,LH,-0.370661
sub-028,LH,0.942083
sub-029,LH,-1.805271
sub-030,LH,0.164189
sub-031,LH,-0.770227
sub-032,LH,-0.310455
sub-033,LH,0.389065
sub-034,LH,-1.003521
sub-035,LH,0.251568
sub-036,LH,-0.11723
sub-037,LH,-0.556227
sub-038,LH,-0.370134
sub-039,LH,-0.060636
sub-040,LH,-0.661263
sub-041,LH,0.097674
sub-042,LH,-0.181709
sub-043,LH,-0.50794
sub-044,LH,1.647754
sub-045,LH,0.497395
sub-046,LH,-0.284087
sub-047,LH,0.233576
sub-048,LH,-0.914901
sub-049,LH,-0.337031
sub-050,LH,-0.222745
sub-051,LH,-1.130334
sub-052,LH,0.470085
sub-053,LH,-0.404451
sub-054,LH,-0.257404
sub-055,LH,-0.466256
sub-056,LH,2.988741
sub-057,LH,-0.558213
sub-058,LH,-1.935254
sub-059,LH,-1.476184
sub-060,LH,0.834356
sub-061,LH,1.399594
sub-062,LH,-0.576999
sub-063,LH,1.343278
sub-064,LH,0.817009
sub-065,LH,-0.094844
sub-066,LH,-0.164345
sub-067,LH,0.267863
sub-068,LH,0.950071
sub-069,LH,0.47982
sub-070,LH,-0.572113
sub-071,LH,-0.079886
sub-072,LH,2.031096
sub-073,LH,0.336754
sub-074,LH,0.942108
sub-075,LH,0.619467
sub-076,LH,0.358441
sub-077,LH,0.197181
sub-078,LH,0.969594
sub-079,LH,0.794535
sub-080,LH,0.349172
sub-081,LH,-0.588718
sub-082,LH,0.468327
sub-083,LH,0.025101
sub-084,LH,-0.211168
sub-085,LH,2.714212
sub-086,LH,-1.41656
sub-087,LH,1.029455
sub-088,LH,-0.75414
sub-089,LH,0.219213
sub-090,LH,2.606298
sub-091,LH,-0.85178
sub-092,LH,-0.618206
sub-093,LH,0.073573
sub-094,LH,-0.739005
sub-095,LH,0.956535
sub-096,LH,-0.432771
sub-097,LH,0.731237
sub-098,LH,-1.211029
sub-099,LH,-1.678813
sub-100,LH,-0.133533
sub-101,LH,-1.445408
sub-102,LH,1.577658
sub-103,LH,-1.407503
sub-104,LH,-0.925543
sub-105,LH,0.495808
sub-106,LH,-0.483536
sub-107,LH,-1.396323
sub-108,LH,2.088585
sub-109,LH,-0.890234
sub-110,LH,-0.101481
sub-111,LH,-0.114149
sub-112,LH,0.786374
sub-113,LH,0.543535
sub-114,LH,-0.71901
sub-115,LH,-0.228376
sub-116,LH,-0.131513
sub-117,LH,0.824227
sub-118,LH,-1.053482
sub-119,LH,2.067182
sub-120,LH,-0.652788
sub-121,LH,0.082157
sub-122,LH,-1.045322
sub-123,LH,-1.180639
sub-124,LH,-0.765654
sub-125,LH,-0.859766
sub-126,LH,-0.314981
sub-127,LH,-0.868033
sub-128,LH,0.771922
sub-129,LH,-0.676097
sub-130,LH,-0.784641
sub-131,LH,-0.294132
sub-132,LH,1.063072
sub-133,LH,0.301167
sub-134,LH,-0.006906
sub-135,LH,-1.312741
sub-136,LH,-1.028397
sub-137,LH,-1.161298
sub-138,LH,1.370604
sub-139,LH,0.610338
sub-140,LH,-0.753111
sub-141,LH,-0.461997
sub-142,LH,-0.71753
sub-143,LH,-0.776851
sub-144,LH,0.541526
sub-145,LH,-0.190876
sub-146,LH,2.128938
sub-147,LH,1.315278
sub-148,LH,1.373178
sub-149,LH,0.748226
sub-150,LH,-0.32321
sub-151,LH,0.676178
sub-152,LH,-0.250907
sub-153,LH,1.687353
sub-154,LH,0.486661
sub-155,LH,0.347671
sub-156,LH,0.215176
sub-157,LH,1.795073
sub-158,LH,-1.313432
sub-159,LH,1.891071
sub-160,LH,-0.091586
sub-161,LH,-1.2864
sub-162,LH,-0.645958
sub-163,LH,-1.526009
sub-164,LH,0.730891
sub-165,LH,-0.926137
sub-166,LH,0.255912
sub-167,LH,1.201533
sub-168,LH,-0.567421
sub-169,LH,-0.171844
sub-170,LH,-1.185739
sub-171,LH,-0.289616
sub-172,LH,2.611621
sub-173,LH,0.852602
sub-174,LH,-0.168541
